QuestionName,LeetCodeLink,Topic,Difficulty,TimeComplexity,SpaceComplexity
Two Sum,https://leetcode.com/problems/two-sum,Arrays,Easy,O(n),O(n)
Best Time to Buy and Sell Stock,https://leetcode.com/problems/best-time-to-buy-and-sell-stock,Arrays,Easy,O(n),O(1)
Contains Duplicate,https://leetcode.com/problems/contains-duplicate,Arrays,Easy,O(n),O(n)
Product of Array Except Self,https://leetcode.com/problems/product-of-array-except-self,Arrays,Medium,O(n),O(1)
Maximum Subarray,https://leetcode.com/problems/maximum-subarray,DP,Medium,O(n),O(1)
Climbing Stairs,https://leetcode.com/problems/climbing-stairs,DP,Easy,O(n),O(1)
House Robber,https://leetcode.com/problems/house-robber,DP,Medium,O(n),O(1)
Longest Palindromic Substring,https://leetcode.com/problems/longest-palindromic-substring,DP,Medium,O(n^2),O(n^2)
Binary Tree Inorder Traversal,https://leetcode.com/problems/binary-tree-inorder-traversal,Trees,Easy,O(n),O(n)
Lowest Common Ancestor,https://leetcode.com/problems/lowest-common-ancestor-of-a-binary-tree,Trees,Medium,O(n),O(n)
Reverse Linked List,https://leetcode.com/problems/reverse-linked-list,LinkedList,Easy,O(n),O(1)
Merge Two Sorted Lists,https://leetcode.com/problems/merge-two-sorted-lists,LinkedList,Easy,O(n),O(1)
Valid Parentheses,https://leetcode.com/problems/valid-parentheses,Stack,Easy,O(n),O(n)
Search in Rotated Sorted Array,https://leetcode.com/problems/search-in-rotated-sorted-array,Arrays,Medium,O(log n),O(1)
3Sum,https://leetcode.com/problems/3sum,Arrays,Medium,O(n^2),O(1)
Container With Most Water,https://leetcode.com/problems/container-with-most-water,Arrays,Medium,O(n),O(1)
Missing Number,https://leetcode.com/problems/missing-number,Arrays,Easy,O(n),O(1)
Spiral Matrix,https://leetcode.com/problems/spiral-matrix,Matrix,Medium,O(m*n),O(1)
Word Search,https://leetcode.com/problems/word-search,Graph,Medium,O(m*n*4^l),O(l)
Longest Substring Without Repeating Characters,https://leetcode.com/problems/longest-substring-without-repeating-characters,Strings,Medium,O(n),O(n)
Median of Two Sorted Arrays,https://leetcode.com/problems/median-of-two-sorted-arrays,Arrays,Hard,O(log(m+n)),O(1)
Zigzag Conversion,https://leetcode.com/problems/zigzag-conversion,Strings,Medium,O(n),O(n)
Reverse Integer,https://leetcode.com/problems/reverse-integer,Math,Medium,O(log x),O(1)
String to Integer (atoi),https://leetcode.com/problems/string-to-integer-atoi,Strings,Medium,O(n),O(1)
Palindrome Number,https://leetcode.com/problems/palindrome-number,Math,Easy,O(log x),O(1)
Regular Expression Matching,https://leetcode.com/problems/regular-expression-matching,DP,Hard,O(m*n),O(m*n)
Integer to Roman,https://leetcode.com/problems/integer-to-roman,Math,Medium,O(1),O(1)
Roman to Integer,https://leetcode.com/problems/roman-to-integer,Math,Easy,O(n),O(1)
Longest Common Prefix,https://leetcode.com/problems/longest-common-prefix,Strings,Easy,O(n),O(1)
